Gouvernance,Arthaud,Couverture limitée
Empreinte Carbone,Arthaud,Couverture limitée
Politique économique,Arthaud,Non abordé
Recherche & Innovation,Arthaud,Non abordé
Urbanisme & aménagement,Arthaud,Non abordé
"Education, sensibilisation",Arthaud,Non abordé
"Emploi, formation",Arthaud,Non abordé
Transports,Arthaud,Non abordé
Bâtiments,Arthaud,Non abordé
Agriculture,Arthaud,Non abordé
Foret-bois,Arthaud,Non abordé
Industrie,Arthaud,Non abordé
Production d'énergie,Arthaud,Non abordé
Déchets,Arthaud,Non abordé
Gouvernance,Dupont Aignan,Non abordé
Empreinte Carbone,Dupont Aignan,Couverture limitée
Politique économique,Dupont Aignan,Couverture limitée
Recherche & Innovation,Dupont Aignan,Couverture limitée
Urbanisme & aménagement,Dupont Aignan,Couverture partielle
"Education, sensibilisation",Dupont Aignan,Couverture limitée
"Emploi, formation",Dupont Aignan,Non abordé
Transports,Dupont Aignan,Antagoniste
Bâtiments,Dupont Aignan,Couverture partielle
Agriculture,Dupont Aignan,Couverture partielle
Foret-bois,Dupont Aignan,Couverture limitée
Industrie,Dupont Aignan,Couverture limitée
Production d'énergie,Dupont Aignan,Antagoniste
Déchets,Dupont Aignan,Couverture partielle
Gouvernance,Hidalgo,Couverture partielle
Empreinte Carbone,Hidalgo,Couverture partielle
Politique économique,Hidalgo,Bonne couverture
Recherche & Innovation,Hidalgo,Couverture partielle
Urbanisme & aménagement,Hidalgo,Couverture limitée
"Education, sensibilisation",Hidalgo,Couverture limitée
"Emploi, formation",Hidalgo,Couverture limitée
Transports,Hidalgo,Couverture partielle
Bâtiments,Hidalgo,Couverture partielle
Agriculture,Hidalgo,Couverture partielle
Foret-bois,Hidalgo,Couverture limitée
Industrie,Hidalgo,Couverture partielle
Production d'énergie,Hidalgo,Couverture partielle
Déchets,Hidalgo,Couverture partielle
Gouvernance,Jadot,Bonne couverture
Empreinte Carbone,Jadot,Bonne couverture
Politique économique,Jadot,Bonne couverture
Recherche & Innovation,Jadot,Couverture partielle
Urbanisme & aménagement,Jadot,Bonne couverture
"Education, sensibilisation",Jadot,Bonne couverture
"Emploi, formation",Jadot,Couverture partielle
Transports,Jadot,Couverture partielle
Bâtiments,Jadot,Couverture partielle
Agriculture,Jadot,Bonne couverture
Foret-bois,Jadot,Couverture limitée
Industrie,Jadot,Couverture partielle
Production d'énergie,Jadot,Couverture partielle
Déchets,Jadot,Couverture partielle
Gouvernance,Lassalle,Non abordé
Empreinte Carbone,Lassalle,Non abordé
Politique économique,Lassalle,Antagoniste
Recherche & Innovation,Lassalle,Couverture limitée
Urbanisme & aménagement,Lassalle,Non abordé
"Education, sensibilisation",Lassalle,Non abordé
"Emploi, formation",Lassalle,Non abordé
Transports,Lassalle,Non abordé
Bâtiments,Lassalle,Non abordé
Agriculture,Lassalle,Non abordé
Foret-bois,Lassalle,Non abordé
Industrie,Lassalle,Couverture limitée
Production d'énergie,Lassalle,Antagoniste
Déchets,Lassalle,Non abordé
Gouvernance,Le Pen,Non abordé
Empreinte Carbone,Le Pen,Non abordé
Politique économique,Le Pen,Antagoniste
Recherche & Innovation,Le Pen,Non abordé
Urbanisme & aménagement,Le Pen,Couverture limitée
"Education, sensibilisation",Le Pen,Couverture limitée
"Emploi, formation",Le Pen,Non abordé
Transports,Le Pen,Couverture limitée
Bâtiments,Le Pen,Couverture limitée
Agriculture,Le Pen,Couverture partielle
Foret-bois,Le Pen,Couverture limitée
Industrie,Le Pen,Couverture limitée
Production d'énergie,Le Pen,Antagoniste
Déchets,Le Pen,Non abordé
Gouvernance,Macron,Couverture partielle
Empreinte Carbone,Macron,Couverture limitée
Politique économique,Macron,Couverture limitée
Recherche & Innovation,Macron,Couverture partielle
Urbanisme & aménagement,Macron,Non abordé
"Education, sensibilisation",Macron,Couverture limitée
"Emploi, formation",Macron,Couverture limitée
Transports,Macron,Couverture limitée
Bâtiments,Macron,Couverture limitée
Agriculture,Macron,Couverture limitée
Foret-bois,Macron,Couverture limitée
Industrie,Macron,Couverture partielle
Production d'énergie,Macron,Bonne couverture
Déchets,Macron,Couverture limitée
Gouvernance,Mélenchon,Bonne couverture
Empreinte Carbone,Mélenchon,Couverture partielle
Politique économique,Mélenchon,Couverture partielle
Recherche & Innovation,Mélenchon,Couverture partielle
Urbanisme & aménagement,Mélenchon,Bonne couverture
"Education, sensibilisation",Mélenchon,Couverture partielle
"Emploi, formation",Mélenchon,Couverture partielle
Transports,Mélenchon,Bonne couverture
Bâtiments,Mélenchon,Bonne couverture
Agriculture,Mélenchon,Bonne couverture
Foret-bois,Mélenchon,Bonne couverture
Industrie,Mélenchon,Couverture partielle
Production d'énergie,Mélenchon,Couverture partielle
Déchets,Mélenchon,Couverture partielle
Gouvernance,Pécresse,Non abordé
Empreinte Carbone,Pécresse,Couverture limitée
Politique économique,Pécresse,Couverture partielle
Recherche & Innovation,Pécresse,Couverture limitée
Urbanisme & aménagement,Pécresse,Couverture limitée
"Education, sensibilisation",Pécresse,Couverture limitée
"Emploi, formation",Pécresse,Couverture limitée
Transports,Pécresse,Couverture limitée
Bâtiments,Pécresse,Couverture limitée
Agriculture,Pécresse,Couverture limitée
Foret-bois,Pécresse,Couverture limitée
Industrie,Pécresse,Couverture limitée
Production d'énergie,Pécresse,Couverture partielle
Déchets,Pécresse,Couverture limitée
Gouvernance,Poutou,Couverture limitée
Empreinte Carbone,Poutou,Couverture limitée
Politique économique,Poutou,Couverture limitée
Recherche & Innovation,Poutou,Non abordé
Urbanisme & aménagement,Poutou,Couverture limitée
"Education, sensibilisation",Poutou,Couverture limitée
"Emploi, formation",Poutou,Non abordé
Transports,Poutou,Couverture partielle
Bâtiments,Poutou,Couverture limitée
Agriculture,Poutou,Couverture partielle
Foret-bois,Poutou,Non abordé
Industrie,Poutou,Couverture limitée
Production d'énergie,Poutou,Couverture limitée
Déchets,Poutou,Non abordé
Gouvernance,Roussel,Couverture partielle
Empreinte Carbone,Roussel,Couverture limitée
Politique économique,Roussel,Couverture partielle
Recherche & Innovation,Roussel,Bonne couverture
Urbanisme & aménagement,Roussel,Non abordé
"Education, sensibilisation",Roussel,Couverture limitée
"Emploi, formation",Roussel,Couverture partielle
Transports,Roussel,Couverture partielle
Bâtiments,Roussel,Couverture partielle
Agriculture,Roussel,Couverture partielle
Foret-bois,Roussel,Couverture limitée
Industrie,Roussel,Couverture partielle
Production d'énergie,Roussel,Couverture partielle
Déchets,Roussel,Couverture limitée
Gouvernance,Zemmour,Non abordé
Empreinte Carbone,Zemmour,Couverture limitée
Politique économique,Zemmour,Non abordé
Recherche & Innovation,Zemmour,Couverture limitée
Urbanisme & aménagement,Zemmour,Non abordé
"Education, sensibilisation",Zemmour,Couverture limitée
"Emploi, formation",Zemmour,Non abordé
Transports,Zemmour,Antagoniste
Bâtiments,Zemmour,Couverture limitée
Agriculture,Zemmour,Couverture limitée
Foret-bois,Zemmour,Non abordé
Industrie,Zemmour,Couverture limitée
Production d'énergie,Zemmour,Antagoniste
Déchets,Zemmour,Couverture limitée
